UserName,FirstName,LastName,Age
cdelafont0,Carlene,Delafont,18
plittrik1,Parnell,Littrik,59
rlawden2,Roz,Lawden,99
rgately3,Robby,Gately,16
gellicott4,Glory,Ellicott,32
gradbourn5,Gradeigh,Radbourn,82
tbernardotte6,Timothea,Bernardotte,23
baynscombe7,Barny,Aynscombe,11
fnorville8,Flori,Norville,03
duc9,Des,Uc,50
meretta,Marty,Erett,86
medelerb,Maggy,Edeler,98
ccogginc,Cobby,Coggin,36
mjaggid,Montgomery,Jaggi,44
nshaylore,Nico,Shaylor,98
tilemf,Tybie,Ilem,54
mdecortg,Miquela,Decort,28
lgerbih,Lynn,Gerbi,98
schipmani,Silvana,Chipman,57
lmeltetalj,Letty,Meltetal,28
ayukhtink,Alexandra,Yukhtin,36
rhockelll,Rurik,Hockell,98
msollonm,Maurine,Sollon,10
kcharnockn,Kinna,Charnock,65
sdayleyo,Sophie,Dayley,95
hmilierp,Horatio,Milier,63
tpisculliq,Tito,Pisculli,33
fbruinr,Frederik,Bruin,48
agrettons,Anneliese,Gretton,67
dtaberert,Duffie,Taberer,08
npoulsomu,Nicoline,Poulsom,56
sbolsteridgev,Saunder,Bolsteridge,03
jcianelliw,Johan,Cianelli,76
tsoanex,Ty,Soane,27
groyley,Giacinta,Royle,16
cwidgerz,Corina,Widger,70
mknuckles10,Marlo,Knuckles,62
lhuxstep11,Lotte,Huxstep,96
mpenquet12,Marilin,Penquet,50
emccahey13,Elsworth,Mc Cahey,50
bchaffey14,Belia,Chaffey,99
mcaspell15,Missie,Caspell,76
ihegge16,Irita,Hegge,99
sstendell17,Stearne,Stendell,84
mjouhning18,Moore,Jouhning,64
gveregan19,Gilbert,Veregan,44
balldred1a,Bobinette,Alldred,87
fjacop1b,Frank,Jacop,15
sedinburough1c,Shayne,Edinburough,93
jchadwell1d,Janeva,Chadwell,11
jfriman1e,Juline,Friman,96
csamsworth1f,Claudina,Samsworth,83
hbeddo1g,Harlie,Beddo,87
mduffet1h,Myrvyn,Duffet,58
bmacgeffen1i,Beatriz,MacGeffen,16
tpresslie1j,Taylor,Presslie,13
uwiggett1k,Udall,Wiggett,65
tmadle1l,Theresita,Madle,23
gcafe1m,Gallard,Cafe,46
gnott1n,Gennie,Nott,50
rmcclary1o,Reynold,McClary,71
mohalleghane1p,Mariejeanne,O'Halleghane,15
bpiris1q,Barn,Piris,99
cpearmain1r,Cristen,Pearmain,96
kfleeman1s,Krishna,Fleeman,39
lcharlet1t,Lindsey,Charlet,64
jantrim1u,Janeen,Antrim,29
gcorton1v,Grier,Corton,97
pkunes1w,Porty,Kunes,61
fikin1x,Finley,Ikin,00
mcullinane1y,Maddalena,Cullinane,19
agunning1z,Andee,Gunning,14
ckeets20,Chelsie,Keets,39
bcockram21,Blake,Cockram,83
sscreas22,Stanley,Screas,60
hchick23,Heida,Chick,80
chousam24,Cart,Housam,23
ddinley25,Desirae,Dinley,60
dlambersen26,Dynah,Lambersen,37
ecollett27,Emmye,Collett,81
lbeszant28,Lari,Beszant,34
eworthy29,Evie,Worthy,67
oyitzhok2a,Obadiah,Yitzhok,82
dgrigore2b,Danielle,Grigore,68
ageroldo2c,Ardella,Geroldo,70
sdowey2d,Sheilah,Dowey,83
wdevers2e,Willy,Devers,52
bcandlish2f,Bentley,Candlish,31
cwaterdrinker2g,Creigh,Waterdrinker,16
msheers2h,Micky,Sheers,84
spaddle2i,Simonne,Paddle,19
gdanovich2j,Gayleen,Danovich,16
bjasper2k,Berthe,Jasper,31
ctrulock2l,Colas,Trulock,11
cbrawson2m,Charil,Brawson,99
jsimla2n,Jamey,Simla,89
kmarcombe2o,Krispin,Marcombe,06
acordoba2p,Aggi,Cordoba,21
mkondrachenko2q,Mallory,Kondrachenko,39
doakeshott2r,Diane,Oakeshott,89
